{
  "task": "sequence-classification",
  "num_samples": 872,
  "engines": {
    "distilbert_fp32.trt": {
      "accuracy": 1.0,
      "top1_ref_contains_test": 1.0,
      "top1_test_contains_ref": 1.0,
      "top3_ref_contains_test": 1.0,
      "top3_test_contains_ref": 1.0,
      "max_abs_diff": 2.3484230041503906e-05,
      "mean_abs_diff": 9.445335535929189e-07,
      "rmse": 1.834464796957036e-06
    },
    "distilbert_int8.trt": {
      "accuracy": 0.9541284403669725,
      "top1_ref_contains_test": 0.9541284403669725,
      "top1_test_contains_ref": 0.9541284403669725,
      "top3_ref_contains_test": 1.0,
      "top3_test_contains_ref": 1.0,
      "max_abs_diff": 5.2226972579956055,
      "mean_abs_diff": 0.5655769109725952,
      "rmse": 0.8416420221328735
    }
  }
}